Gene,Mutation,Drug,Confers,Interaction,Literature,WHO Confidence
katG,p.Ile497Asn,isoniazid,resistance,,BTB_17-031,
inhA,p.Ile21Thr,isoniazid,resistance,c.-15C>T,Walker et al. 2015 + Jagielski et al. 2015,
inhA,p.Ser94Ala,isoniazid,resistance,c.-15C>T,Machado et al. 2013,
inhA,p.Ile194Thr,isoniazid,resistance,c.-15C>T,Machado et al. 2013,
rpoB,p.Asp435Asn,rifampicin,resistance,,Miotto et al. 2017,
gyrA,p.Asp94Ser,fluoroquinolones,resistance,,XTB_18-020,
gyrB,p.Glu459Lys,fluoroquinolones,resistance,,Miotto et al. 2017,
eis,c.-2C>A,kanamycin,resistance,,Hain MTBDRsl,
tlyA,p.Glu186Lys,capreomycin,resistance,,BTB_16-122,
inhA,p.Ile194Thr,ethionamide,resistance,c.-15C>T,Miotto et al. 2017,
inhA,p.Ser49Ala,ethionamide,resistance,c.-15C>T,Miotto et al. 2017,
pncA,p.Ala146Pro,pyrazinamide,resistance,,Miotto et al. 2014,
pncA,p.Ala161Pro,pyrazinamide,resistance,,Miotto et al. 2014,
pncA,p.Arg121Pro,pyrazinamide,resistance,,Miotto et al. 2014,
pncA,p.Arg148Cys,pyrazinamide,resistance,Thr47Ala,,
pncA,p.Asp129Tyr,pyrazinamide,resistance,,Miotto et al. 2014,
pncA,p.Asp136His,pyrazinamide,resistance,,Köser et al. 2020,
pncA,p.Asp136Tyr,pyrazinamide,resistance,,Miotto et al. 2014,
pncA,p.Asp49Val,pyrazinamide,resistance,,Köser et al. 2020,
pncA,p.Asp63His,pyrazinamide,resistance,,Köser et al. 2020,
pncA,p.Cys138Ser,pyrazinamide,resistance,,Köser et al. 2020,
pncA,p.Cys138Trp,pyrazinamide,resistance,,Miotto et al. 2014,
pncA,p.Cys138Tyr,pyrazinamide,resistance,,Miotto et al. 2017,
pncA,p.Cys14Tyr,pyrazinamide,resistance,,Köser et al. 2020,
pncA,p.Cys184Arg,pyrazinamide,resistance,,Köser et al. 2020,
pncA,p.Gln10Lys,pyrazinamide,resistance,,Miotto et al. 2014,
pncA,p.Gly108Val,pyrazinamide,resistance,,Köser et al. 2020,
pncA,p.Gly132Val,pyrazinamide,resistance,,Köser et al. 2020,
pncA,p.Gly162Val,pyrazinamide,resistance,,Köser et al. 2020,
pncA,p.Gly17Cys,pyrazinamide,resistance,,Köser et al. 2020,
pncA,p.Gly17Ser,pyrazinamide,resistance,,Miotto et al. 2014,
pncA,p.Gly97Ala,pyrazinamide,resistance,,Miotto et al. 2014,
pncA,p.His137Asp,pyrazinamide,resistance,,Miotto et al. 2014,
pncA,p.His51Asn,pyrazinamide,resistance,,Köser et al. 2020,
pncA,p.His57Asn,pyrazinamide,resistance,,Köser et al. 2020,
pncA,p.His57Leu,pyrazinamide,resistance,,Köser et al. 2020,
pncA,p.His82Leu,pyrazinamide,resistance,,Köser et al. 2020,
pncA,p.Ile133Asn,pyrazinamide,resistance,,Köser et al. 2020,
pncA,p.Ile5Asn,pyrazinamide,resistance,,Köser et al. 2020,
pncA,p.Ile6Met,pyrazinamide,resistance,,Köser et al. 2020,
pncA,p.Arg148ins,pyrazinamide,resistance,,Miotto et al. 2017,
pncA,p.Leu85Gln,pyrazinamide,resistance,,Köser et al. 2020,
pncA,p.Lys96Met,pyrazinamide,resistance,,Köser et al. 2020,
pncA,p.Met1Lys,pyrazinamide,resistance,,Miotto et al. 2014,
pncA,p.Phe81Cys,pyrazinamide,resistance,,Miotto et al. 2014,
pncA,p.Pro54Thr,pyrazinamide,resistance,,Köser et al. 2020,
pncA,p.Ser104Cys,pyrazinamide,resistance,,Köser et al. 2020,
pncA,p.*187Arg,pyrazinamide,resistance,,Miotto et al. 2014,
pncA,p.Thr100Ala,pyrazinamide,resistance,,Miotto et al. 2014,
pncA,p.Thr160Lys,pyrazinamide,resistance,,Köser et al. 2020,
pncA,p.Trp119Leu,pyrazinamide,resistance,,Köser et al. 2020,
pncA,p.Trp119Ser,pyrazinamide,resistance,,Miotto et al. 2014,
pncA,p.Tyr34Cys,pyrazinamide,resistance,,Miotto et al. 2014,
pncA,p.Tyr41His,pyrazinamide,resistance,,Köser et al. 2020,
pncA,p.Val125Asp,pyrazinamide,resistance,,Köser et al. 2020,
pncA,p.Val130Ala,pyrazinamide,resistance,,Miotto et al. 2014,
pncA,p.Val155Glu,pyrazinamide,resistance,,Köser et al. 2020,
pncA,p.Val157Ala,pyrazinamide,resistance,,Miotto et al. 2014,
cykA,p.Gly122Ser,cycloserine,resistance,,Köser et al. 2012,
atpE,p.Ala63Pro,bedaquiline,resistance,,Kadura et al. 2020,
